case_id,date,justice,gender,gender_binary,role,is_chief,interruptions_made,interruptions_received,words_spoken,turns,case_duration
2020-01-16--38682,2020-01-16,Rowe,M,0,Puisne Justice,0,1,0,787,23,14948
2020-01-16--38682,2020-01-16,Wagner,M,0,Chief Justice,1,6,16,625,37,14948
2020-01-16--38682,2020-01-16,Brown,M,0,Puisne Justice,0,5,1,667,21,14948
2020-01-16--38682,2020-01-16,Kasirer,M,0,Puisne Justice,0,3,1,568,9,14948
2020-01-16--38682,2020-01-16,Abella,F,1,Puisne Justice,0,5,2,1277,28,14948
2020-01-16--38682,2020-01-16,Karakatsanis,F,1,Puisne Justice,0,2,0,405,6,14948
2020-01-16--38682,2020-01-16,Martin,F,1,Puisne Justice,0,3,0,806,16,14948
2020-01-17--38739,2020-01-17,Karakatsanis,F,1,Puisne Justice,0,1,0,419,18,4217
2020-01-17--38739,2020-01-17,Rowe,M,0,Puisne Justice,0,1,0,327,8,4217
2020-01-17--38739,2020-01-17,Brown,M,0,Puisne Justice,0,2,0,516,11,4217
2020-01-17--38739,2020-01-17,Kasirer,M,0,Puisne Justice,0,1,0,733,11,4217
2020-01-17--38739,2020-01-17,Martin,F,1,Puisne Justice,0,0,0,217,5,4217
2020-01-20--38571,2020-01-20,Brown,M,0,Puisne Justice,0,4,1,268,13,8161
2020-01-20--38571,2020-01-20,Wagner,M,0,Chief Justice,1,4,4,76,10,8161
2020-01-20--38571,2020-01-20,Karakatsanis,F,1,Puisne Justice,0,1,2,448,10,8161
2020-01-20--38571,2020-01-20,Rowe,M,0,Puisne Justice,0,1,0,753,10,8161
2020-01-20--38571,2020-01-20,Kasirer,M,0,Puisne Justice,0,2,3,432,12,8161
2020-01-20--38571,2020-01-20,Abella,F,1,Puisne Justice,0,4,0,408,16,8161
2020-01-20--38571,2020-01-20,Martin,F,1,Puisne Justice,0,8,0,981,18,8161
2020-01-20--38571,2020-01-20,speakers,,0,,0,0,0,1,1,8161
2020-01-21--38544,2020-01-21,Wagner,M,0,Chief Justice,1,1,0,381,9,7686
2020-01-21--38544,2020-01-21,Martin,F,1,Puisne Justice,0,0,0,452,1,7686
2020-01-21--38544,2020-01-21,Kasirer,M,0,Puisne Justice,0,6,0,1538,36,7686
2020-01-22--38613,2020-01-22,Wagner,M,0,Chief Justice,1,4,7,1139,27,9458
2020-01-22--38613,2020-01-22,Abella,F,1,Puisne Justice,0,1,1,214,5,9458
2020-01-22--38613,2020-01-22,Brown,M,0,Puisne Justice,0,3,0,267,12,9458
2020-01-22--38613,2020-01-22,Kasirer,M,0,Puisne Justice,0,3,1,1003,15,9458
2020-01-22--38613,2020-01-22,Karakatsanis,F,1,Puisne Justice,0,1,0,136,4,9458
2020-01-22--38613,2020-01-22,Rowe,M,0,Puisne Justice,0,0,0,140,4,9458
2020-01-22--38613,2020-01-22,Martin,F,1,Puisne Justice,0,0,1,427,6,9458
2020-01-23--38594,2020-01-23,Wagner,M,0,Chief Justice,1,4,2,700,24,9284
2020-01-23--38594,2020-01-23,Kasirer,M,0,Puisne Justice,0,0,1,656,13,9284
2020-01-23--38594,2020-01-23,Rowe,M,0,Puisne Justice,0,3,1,923,15,9284
2020-01-23--38594,2020-01-23,Moldaver,M,0,Puisne Justice,0,1,1,618,7,9284
2020-01-23--38594,2020-01-23,Karakatsanis,F,1,Puisne Justice,0,2,1,67,4,9284
2020-01-23--38594,2020-01-23,Abella,F,1,Puisne Justice,0,0,0,114,4,9284
2020-02-18--38577,2020-02-18,Wagner,M,0,Chief Justice,1,1,2,68,5,4086
2020-02-18--38577,2020-02-18,Brown,M,0,Puisne Justice,0,4,2,632,15,4086
2020-02-18--38577,2020-02-18,Rowe,M,0,Puisne Justice,0,1,0,392,5,4086
2020-02-18--38577,2020-02-18,Moldaver,M,0,Puisne Justice,0,3,0,1142,14,4086
2020-02-18--38577,2020-02-18,Kasirer,M,0,Puisne Justice,0,0,0,53,2,4086
2020-02-18--38577,2020-02-18,Abella,F,1,Puisne Justice,0,0,0,71,2,4086
2020-02-18--38577,2020-02-18,Karakatsanis,F,1,Puisne Justice,0,0,0,264,4,4086
2020-02-20--38585,2020-02-20,Wagner,M,0,Chief Justice,1,3,4,97,12,9746
2020-02-20--38585,2020-02-20,Rowe,M,0,Puisne Justice,0,1,0,796,16,9746
2020-02-20--38585,2020-02-20,Karakatsanis,F,1,Puisne Justice,0,6,0,633,13,9746
2020-02-20--38585,2020-02-20,Brown,M,0,Puisne Justice,0,3,2,686,20,9746
2020-02-20--38585,2020-02-20,Moldaver,M,0,Puisne Justice,0,3,2,1291,17,9746
2020-02-20--38585,2020-02-20,Abella,F,1,Puisne Justice,0,5,1,784,18,9746
2020-02-20--38585,2020-02-20,Martin,F,1,Puisne Justice,0,2,1,651,7,9746
2020-02-20--38585,2020-02-20,Kasirer,M,0,Puisne Justice,0,1,0,215,6,9746
2020-02-20--38585,2020-02-20,3,,0,,0,0,0,40,1,9746
2020-06-09--38741,2020-06-09,Wagner,M,0,Chief Justice,1,2,4,552,9,8293
2020-06-09--38741,2020-06-09,Abella,F,1,Puisne Justice,0,2,1,347,8,8293
2020-06-09--38741,2020-06-09,Kasirer,M,0,Puisne Justice,0,0,1,139,4,8293
2020-06-09--38741,2020-06-09,Karakatsanis,F,1,Puisne Justice,0,1,0,233,7,8293
2020-06-09--38741,2020-06-09,Brown,M,0,Puisne Justice,0,3,2,760,20,8293
2020-06-09--38741,2020-06-09,Rowe,M,0,Puisne Justice,0,1,0,360,6,8293
2020-06-09--38741,2020-06-09,Martin,F,1,Puisne Justice,0,1,0,200,2,8293
2020-06-10--37984,2020-06-10,Wagner,M,0,Chief Justice,1,1,2,1174,21,4871
2020-06-10--37984,2020-06-10,Brown,M,0,Puisne Justice,0,1,1,69,4,4871
2020-06-10--37984,2020-06-10,Kasirer,M,0,Puisne Justice,0,0,0,373,3,4871
2020-06-12--38984,2020-06-12,Wagner,M,0,Chief Justice,1,0,0,197,4,2228
2020-06-12--38984,2020-06-12,Abella,F,1,Puisne Justice,0,0,0,249,7,2228
2020-06-12--38984,2020-06-12,Moldaver,M,0,Puisne Justice,0,0,0,376,4,2228
2020-06-12--38984,2020-06-12,speakers,,0,,0,0,0,2,1,2228
2020-09-22--38663-38781-39116,2020-09-22,Wagner,M,0,Chief Justice,1,3,1,575,16,15925
2020-09-22--38663-38781-39116,2020-09-22,Brown,M,0,Puisne Justice,0,6,2,1588,35,15925
2020-09-22--38663-38781-39116,2020-09-22,Abella,F,1,Puisne Justice,0,1,1,684,18,15925
2020-09-22--38663-38781-39116,2020-09-22,Rowe,M,0,Puisne Justice,0,1,1,1777,30,15925
2020-09-22--38663-38781-39116,2020-09-22,Karakatsanis,F,1,Puisne Justice,0,3,1,815,12,15925
2020-09-22--38663-38781-39116,2020-09-22,Moldaver,M,0,Puisne Justice,0,2,0,1539,13,15925
2020-09-22--38663-38781-39116,2020-09-22,Côté,F,1,Puisne Justice,0,0,0,487,9,15925
2020-09-22--38663-38781-39116,2020-09-22,Kasirer,M,0,Puisne Justice,0,1,0,306,9,15925
2020-09-22--38663-38781-39116,2020-09-22,3,,0,,0,0,0,234,1,15925
2020-09-22--38663-38781-39116,2020-09-22,6,,0,,0,1,1,52,1,15925
2020-09-22--38663-38781-39116,2020-09-22,Martin,F,1,Puisne Justice,0,0,0,272,5,15925
2020-09-23--38663-38781-39116,2020-09-23,Wagner,M,0,Chief Justice,1,3,9,770,26,12087
2020-09-23--38663-38781-39116,2020-09-23,Côté,F,1,Puisne Justice,0,0,0,231,6,12087
2020-09-23--38663-38781-39116,2020-09-23,Kasirer,M,0,Puisne Justice,0,0,0,138,2,12087
2020-09-23--38663-38781-39116,2020-09-23,Brown,M,0,Puisne Justice,0,2,4,514,16,12087
2020-09-23--38663-38781-39116,2020-09-23,Abella,F,1,Puisne Justice,0,0,0,94,3,12087
2020-09-23--38663-38781-39116,2020-09-23,Moldaver,M,0,Puisne Justice,0,0,0,264,2,12087
2020-09-23--38663-38781-39116,2020-09-23,Rowe,M,0,Puisne Justice,0,1,0,221,8,12087
2020-09-23--38663-38781-39116,2020-09-23,Karakatsanis,F,1,Puisne Justice,0,0,0,94,2,12087
2020-09-23--38663-38781-39116,2020-09-23,20,,0,,0,0,1,502,1,12087
2020-09-24--38837,2020-09-24,Wagner,M,0,Chief Justice,1,6,5,3671,56,15879
2020-09-24--38837,2020-09-24,Martin,F,1,Puisne Justice,0,0,0,76,2,15879
2020-09-24--38837,2020-09-24,Rowe,M,0,Puisne Justice,0,1,0,392,6,15879
2020-09-24--38837,2020-09-24,Moldaver,M,0,Puisne Justice,0,0,0,395,2,15879
2020-09-24--38837,2020-09-24,Karakatsanis,F,1,Puisne Justice,0,1,0,337,6,15879
2020-09-24--38837,2020-09-24,Abella,F,1,Puisne Justice,0,1,0,136,3,15879
2020-10-06--38695,2020-10-06,Martin,F,1,Puisne Justice,0,1,0,893,13,10186
2020-10-06--38695,2020-10-06,Wagner,M,0,Chief Justice,1,0,4,219,12,10186
2020-10-06--38695,2020-10-06,Rowe,M,0,Puisne Justice,0,0,1,428,17,10186
2020-10-06--38695,2020-10-06,Brown,M,0,Puisne Justice,0,3,0,919,21,10186
2020-10-06--38695,2020-10-06,Karakatsanis,F,1,Puisne Justice,0,1,0,311,8,10186
2020-10-06--38695,2020-10-06,Kasirer,M,0,Puisne Justice,0,1,0,611,10,10186
2020-10-06--38695,2020-10-06,6,,0,,0,0,0,760,1,10186
2020-10-06--38695,2020-10-06,speakers,,0,,0,0,0,3,1,10186
2020-10-07--39062-38861,2020-10-07,Wagner,M,0,Chief Justice,1,9,12,673,43,19250
2020-10-07--39062-38861,2020-10-07,Rowe,M,0,Puisne Justice,0,4,1,378,10,19250
2020-10-07--39062-38861,2020-10-07,Abella,F,1,Puisne Justice,0,1,0,819,15,19250
2020-10-07--39062-38861,2020-10-07,Brown,M,0,Puisne Justice,0,7,2,1940,41,19250
2020-10-07--39062-38861,2020-10-07,Martin,F,1,Puisne Justice,0,10,2,3858,49,19250
2020-10-07--39062-38861,2020-10-07,Côté,F,1,Puisne Justice,0,1,0,324,6,19250
2020-10-07--39062-38861,2020-10-07,Karakatsanis,F,1,Puisne Justice,0,4,1,1184,18,19250
2020-10-07--39062-38861,2020-10-07,6,,0,,0,1,1,6,1,19250
2020-10-07--39062-38861,2020-10-07,7,,0,,0,1,1,264,1,19250
2020-10-07--39062-38861,2020-10-07,speakers,,0,,0,0,0,24,3,19250
2020-10-07--39062-38861,2020-10-07,5,,0,,0,1,1,1,1,19250
2020-10-07--39062-38861,2020-10-07,Moldaver,M,0,Puisne Justice,0,0,0,82,1,19250
2020-10-08--38734,2020-10-08,Wagner,M,0,Chief Justice,1,3,10,203,25,14775
2020-10-08--38734,2020-10-08,Rowe,M,0,Puisne Justice,0,0,0,1357,15,14775
2020-10-08--38734,2020-10-08,Brown,M,0,Puisne Justice,0,5,3,1351,27,14775
2020-10-08--38734,2020-10-08,Abella,F,1,Puisne Justice,0,2,2,701,19,14775
2020-10-08--38734,2020-10-08,Martin,F,1,Puisne Justice,0,2,1,865,12,14775
2020-10-08--38734,2020-10-08,Karakatsanis,F,1,Puisne Justice,0,2,1,272,8,14775
2020-10-08--38734,2020-10-08,Kasirer,M,0,Puisne Justice,0,1,0,223,3,14775
2020-10-13--38785,2020-10-13,Wagner,M,0,Chief Justice,1,7,7,588,30,10194
2020-10-13--38785,2020-10-13,Kasirer,M,0,Puisne Justice,0,1,0,691,7,10194
2020-10-13--38785,2020-10-13,Rowe,M,0,Puisne Justice,0,3,1,467,9,10194
2020-10-13--38785,2020-10-13,Moldaver,M,0,Puisne Justice,0,5,2,1838,25,10194
2020-10-13--38785,2020-10-13,Brown,M,0,Puisne Justice,0,8,1,696,17,10194
2020-10-13--38785,2020-10-13,Abella,F,1,Puisne Justice,0,1,0,643,12,10194
2020-10-13--38785,2020-10-13,Martin,F,1,Puisne Justice,0,1,0,428,5,10194
2020-10-13--38785,2020-10-13,Karakatsanis,F,1,Puisne Justice,0,4,0,511,10,10194
2020-10-14--38801,2020-10-14,Rowe,M,0,Puisne Justice,0,1,2,722,10,7444
2020-10-14--38801,2020-10-14,Karakatsanis,F,1,Puisne Justice,0,2,1,172,6,7444
2020-10-14--38801,2020-10-14,Wagner,M,0,Chief Justice,1,0,1,39,5,7444
2020-10-14--38801,2020-10-14,Moldaver,M,0,Puisne Justice,0,5,0,991,14,7444
2020-10-14--38801,2020-10-14,Brown,M,0,Puisne Justice,0,3,0,1037,16,7444
2020-10-14--38801,2020-10-14,Kasirer,M,0,Puisne Justice,0,1,0,121,3,7444
2020-10-14--38801,2020-10-14,Martin,F,1,Puisne Justice,0,1,1,579,9,7444
2020-10-14--38801,2020-10-14,Abella,F,1,Puisne Justice,0,4,2,730,18,7444
2020-10-15--38687,2020-10-15,Wagner,M,0,Chief Justice,1,3,5,255,14,10387
2020-10-15--38687,2020-10-15,Brown,M,0,Puisne Justice,0,2,3,1393,31,10387
2020-10-15--38687,2020-10-15,Moldaver,M,0,Puisne Justice,0,4,3,1119,17,10387
2020-10-15--38687,2020-10-15,Karakatsanis,F,1,Puisne Justice,0,1,1,587,10,10387
2020-10-15--38687,2020-10-15,Rowe,M,0,Puisne Justice,0,0,0,194,3,10387
2020-10-15--38687,2020-10-15,Kasirer,M,0,Puisne Justice,0,0,0,124,2,10387
2020-10-15--38687,2020-10-15,Abella,F,1,Puisne Justice,0,0,0,851,15,10387
2020-10-15--38687,2020-10-15,6,,0,,0,0,0,453,1,10387
2020-11-03--39006,2020-11-03,Brown,M,0,Puisne Justice,0,3,2,417,13,4077
2020-11-03--39006,2020-11-03,Karakatsanis,F,1,Puisne Justice,0,1,1,724,11,4077
2020-11-03--39006,2020-11-03,Kasirer,M,0,Puisne Justice,0,0,0,73,1,4077
2020-11-03--39006,2020-11-03,Martin,F,1,Puisne Justice,0,0,0,305,4,4077
2020-11-04--38808,2020-11-04,Wagner,M,0,Chief Justice,1,1,0,208,7,8472
2020-11-04--38808,2020-11-04,Abella,F,1,Puisne Justice,0,2,0,1319,20,8472
2020-11-04--38808,2020-11-04,1,,0,,0,0,0,367,1,8472
2020-11-04--38808,2020-11-04,Brown,M,0,Puisne Justice,0,2,0,576,11,8472
2020-11-04--38808,2020-11-04,Karakatsanis,F,1,Puisne Justice,0,3,0,354,4,8472
2020-11-04--38808,2020-11-04,Martin,F,1,Puisne Justice,0,3,0,645,8,8472
2020-11-04--38808,2020-11-04,Rowe,M,0,Puisne Justice,0,0,0,148,2,8472
2020-11-04--38808,2020-11-04,Moldaver,M,0,Puisne Justice,0,0,0,1016,7,8472
2020-11-04--38808,2020-11-04,Kasirer,M,0,Puisne Justice,0,1,0,371,6,8472
2020-11-05--38962,2020-11-05,Rowe,M,0,Puisne Justice,0,1,1,514,7,5347
2020-11-05--38962,2020-11-05,Moldaver,M,0,Puisne Justice,0,1,1,2150,20,5347
2020-11-05--38962,2020-11-05,Kasirer,M,0,Puisne Justice,0,0,0,199,6,5347
2020-11-05--38962,2020-11-05,Martin,F,1,Puisne Justice,0,0,0,668,3,5347
2020-11-05--39019,2020-11-05,Abella,F,1,Puisne Justice,0,4,2,873,20,5340
2020-11-05--39019,2020-11-05,Brown,M,0,Puisne Justice,0,0,1,321,10,5340
2020-11-05--39019,2020-11-05,Kasirer,M,0,Puisne Justice,0,0,0,381,4,5340
2020-11-05--39019,2020-11-05,Martin,F,1,Puisne Justice,0,1,0,231,4,5340
2020-11-06--38870,2020-11-06,Rowe,M,0,Puisne Justice,0,1,0,530,7,4946
2020-11-06--38870,2020-11-06,Wagner,M,0,Chief Justice,1,1,3,137,10,4946
2020-11-06--38870,2020-11-06,Brown,M,0,Puisne Justice,0,1,1,675,12,4946
2020-11-06--38870,2020-11-06,Moldaver,M,0,Puisne Justice,0,0,0,995,8,4946
2020-11-06--38870,2020-11-06,Martin,F,1,Puisne Justice,0,0,0,94,1,4946
2020-11-06--38870,2020-11-06,Karakatsanis,F,1,Puisne Justice,0,1,1,27,2,4946
2020-11-09--38944,2020-11-09,Wagner,M,0,Chief Justice,1,1,1,38,4,2059
2020-11-09--38944,2020-11-09,2,,0,,0,0,1,321,1,2059
2020-11-09--38944,2020-11-09,Martin,F,1,Puisne Justice,0,0,0,68,2,2059
2020-11-09--38944,2020-11-09,Moldaver,M,0,Puisne Justice,0,1,1,362,7,2059
2020-11-09--38944,2020-11-09,Rowe,M,0,Puisne Justice,0,1,0,138,2,2059
2020-11-09--38944,2020-11-09,Karakatsanis,F,1,Puisne Justice,0,0,1,144,2,2059
2020-11-10--38546,2020-11-10,Wagner,M,0,Chief Justice,1,2,5,94,12,9819
2020-11-10--38546,2020-11-10,1,,0,,0,0,1,352,1,9819
2020-11-10--38546,2020-11-10,Abella,F,1,Puisne Justice,0,5,0,1924,32,9819
2020-11-10--38546,2020-11-10,Kasirer,M,0,Puisne Justice,0,1,0,253,5,9819
2020-11-10--38546,2020-11-10,Karakatsanis,F,1,Puisne Justice,0,1,0,503,8,9819
2020-11-10--38546,2020-11-10,Moldaver,M,0,Puisne Justice,0,3,0,1278,22,9819
2020-11-10--38546,2020-11-10,Brown,M,0,Puisne Justice,0,2,1,615,15,9819
2020-11-10--38546,2020-11-10,Rowe,M,0,Puisne Justice,0,0,0,320,8,9819
2020-11-10--38546,2020-11-10,Martin,F,1,Puisne Justice,0,0,0,351,7,9819
2020-11-12--38755,2020-11-12,Wagner,M,0,Chief Justice,1,3,3,819,23,8055
2020-11-12--38755,2020-11-12,Kasirer,M,0,Puisne Justice,0,5,0,1226,18,8055
2020-11-12--38755,2020-11-12,Brown,M,0,Puisne Justice,0,0,0,23,2,8055
2020-11-13--38854,2020-11-13,Wagner,M,0,Chief Justice,1,1,2,207,12,8426
2020-11-13--38854,2020-11-13,Rowe,M,0,Puisne Justice,0,1,1,635,11,8426
2020-11-13--38854,2020-11-13,Brown,M,0,Puisne Justice,0,4,1,608,15,8426
2020-11-13--38854,2020-11-13,Moldaver,M,0,Puisne Justice,0,1,1,2623,20,8426
2020-11-13--38854,2020-11-13,Abella,F,1,Puisne Justice,0,1,1,102,6,8426
2020-11-13--38854,2020-11-13,Karakatsanis,F,1,Puisne Justice,0,1,0,395,7,8426
2020-11-13--38854,2020-11-13,speakers,,0,,0,0,0,3,1,8426
2020-11-13--38854,2020-11-13,Martin,F,1,Puisne Justice,0,0,0,374,4,8426
2020-12-01--38871,2020-12-01,Rowe,M,0,Puisne Justice,0,3,3,1097,18,8977
2020-12-01--38871,2020-12-01,Wagner,M,0,Chief Justice,1,1,5,97,13,8977
2020-12-01--38871,2020-12-01,Brown,M,0,Puisne Justice,0,3,0,1267,12,8977
2020-12-01--38871,2020-12-01,Abella,F,1,Puisne Justice,0,0,1,647,11,8977
2020-12-01--38871,2020-12-01,Karakatsanis,F,1,Puisne Justice,0,4,1,805,8,8977
2020-12-01--38871,2020-12-01,Moldaver,M,0,Puisne Justice,0,3,1,941,14,8977
2020-12-01--38871,2020-12-01,Kasirer,M,0,Puisne Justice,0,1,0,226,3,8977
2020-12-01--38871,2020-12-01,Martin,F,1,Puisne Justice,0,1,1,287,5,8977
2020-12-01--38871,2020-12-01,6,,0,,0,1,0,481,1,8977
2020-12-02--39163,2020-12-02,Brown,M,0,Puisne Justice,0,1,1,479,9,4225
2020-12-02--39163,2020-12-02,Abella,F,1,Puisne Justice,0,4,4,507,19,4225
2020-12-02--39163,2020-12-02,Moldaver,M,0,Puisne Justice,0,1,0,1325,12,4225
2020-12-02--39163,2020-12-02,Kasirer,M,0,Puisne Justice,0,0,0,47,1,4225
2020-12-02--39163,2020-12-02,Karakatsanis,F,1,Puisne Justice,0,0,0,152,1,4225
2020-12-03--38904,2020-12-03,Wagner,M,0,Chief Justice,1,5,3,1003,23,7529
2020-12-03--38904,2020-12-03,Kasirer,M,0,Puisne Justice,0,1,0,867,12,7529
2020-12-04--39109,2020-12-04,Rowe,M,0,Puisne Justice,0,0,0,218,6,5393
2020-12-04--39109,2020-12-04,Abella,F,1,Puisne Justice,0,5,1,1004,27,5393
2020-12-04--39109,2020-12-04,Kasirer,M,0,Puisne Justice,0,0,0,455,6,5393
2020-12-04--39109,2020-12-04,Martin,F,1,Puisne Justice,0,2,0,243,5,5393
2020-12-04--39109,2020-12-04,Brown,M,0,Puisne Justice,0,2,0,793,11,5393
2020-12-07--38938,2020-12-07,Brown,M,0,Puisne Justice,0,0,1,46,5,6457
2020-12-07--38938,2020-12-07,Wagner,M,0,Chief Justice,1,5,3,474,21,6457
2020-12-07--38938,2020-12-07,Kasirer,M,0,Puisne Justice,0,0,0,313,6,6457
2020-12-07--38938,2020-12-07,Côté,F,1,Puisne Justice,0,1,0,2,1,6457
2020-12-08--38795,2020-12-08,Wagner,M,0,Chief Justice,1,3,14,471,32,14471
2020-12-08--38795,2020-12-08,Brown,M,0,Puisne Justice,0,3,0,2109,24,14471
2020-12-08--38795,2020-12-08,Rowe,M,0,Puisne Justice,0,4,0,1560,19,14471
2020-12-08--38795,2020-12-08,Moldaver,M,0,Puisne Justice,0,1,0,1047,10,14471
2020-12-08--38795,2020-12-08,Martin,F,1,Puisne Justice,0,0,0,360,4,14471
2020-12-08--38795,2020-12-08,Kasirer,M,0,Puisne Justice,0,0,0,150,3,14471
2020-12-08--38795,2020-12-08,Karakatsanis,F,1,Puisne Justice,0,2,1,732,11,14471
2020-12-08--38795,2020-12-08,Abella,F,1,Puisne Justice,0,1,0,229,4,14471
2020-12-08--38795,2020-12-08,2,,0,,0,0,0,92,1,14471
2020-12-09--39094,2020-12-09,Wagner,M,0,Chief Justice,1,8,8,85,14,9488
2020-12-09--39094,2020-12-09,Rowe,M,0,Puisne Justice,0,0,0,517,10,9488
2020-12-09--39094,2020-12-09,Brown,M,0,Puisne Justice,0,4,1,1053,22,9488
2020-12-09--39094,2020-12-09,Kasirer,M,0,Puisne Justice,0,0,1,594,13,9488
2020-12-09--39094,2020-12-09,Abella,F,1,Puisne Justice,0,1,0,1119,16,9488
2020-12-09--39094,2020-12-09,Karakatsanis,F,1,Puisne Justice,0,0,0,100,1,9488
2020-12-09--39094,2020-12-09,Martin,F,1,Puisne Justice,0,0,0,128,2,9488
2020-12-09--39094,2020-12-09,1,,0,,0,1,1,2,1,9488
2020-12-10--39114,2020-12-10,Wagner,M,0,Chief Justice,1,0,2,182,6,2369
2020-12-10--39114,2020-12-10,Moldaver,M,0,Puisne Justice,0,0,0,486,3,2369
2020-12-10--39114,2020-12-10,Abella,F,1,Puisne Justice,0,1,0,177,3,2369
2020-12-10--39114,2020-12-10,Rowe,M,0,Puisne Justice,0,0,0,282,1,2369
2020-12-11--39084,2020-12-11,Martin,F,1,Puisne Justice,0,0,0,466,9,4698
2020-12-11--39084,2020-12-11,Abella,F,1,Puisne Justice,0,1,1,573,15,4698
2020-12-11--39084,2020-12-11,Kasirer,M,0,Puisne Justice,0,1,0,464,5,4698
2020-12-11--39084,2020-12-11,Rowe,M,0,Puisne Justice,0,0,0,595,9,4698
2020-12-11--39084,2020-12-11,Karakatsanis,F,1,Puisne Justice,0,1,0,479,8,4698
2021-01-18--39049,2021-01-18,Wagner,M,0,Chief Justice,1,1,3,221,10,6968
2021-01-18--39049,2021-01-18,Brown,M,0,Puisne Justice,0,5,3,1619,26,6968
2021-01-18--39049,2021-01-18,Rowe,M,0,Puisne Justice,0,1,1,222,4,6968
2021-01-18--39049,2021-01-18,Abella,F,1,Puisne Justice,0,1,2,600,14,6968
2021-01-18--39049,2021-01-18,Karakatsanis,F,1,Puisne Justice,0,1,0,26,1,6968
2021-01-18--39049,2021-01-18,Martin,F,1,Puisne Justice,0,1,0,478,3,6968
2021-01-19--39110,2021-01-19,Wagner,M,0,Chief Justice,1,0,2,79,7,4464
2021-01-19--39110,2021-01-19,Jamal,M,0,Puisne Justice,0,0,0,357,1,4464
2021-01-19--39110,2021-01-19,Moldaver,M,0,Puisne Justice,0,3,2,2107,23,4464
2021-01-19--39110,2021-01-19,Rowe,M,0,Puisne Justice,0,1,0,232,3,4464
2021-01-19--39110,2021-01-19,Brown,M,0,Puisne Justice,0,0,1,325,8,4464
2021-01-19--39110,2021-01-19,Abella,F,1,Puisne Justice,0,0,0,29,1,4464
2021-01-19--39110,2021-01-19,Karakatsanis,F,1,Puisne Justice,0,1,0,30,1,4464
2021-01-19--39110,2021-01-19,Kasirer,M,0,Puisne Justice,0,1,0,121,1,4464
2021-01-21--39134,2021-01-21,Wagner,M,0,Chief Justice,1,1,1,196,4,2844
2021-01-21--39134,2021-01-21,Moldaver,M,0,Puisne Justice,0,1,1,942,11,2844
2021-01-21--39134,2021-01-21,Kasirer,M,0,Puisne Justice,0,0,0,175,2,2844
2021-01-21--39134,2021-01-21,Karakatsanis,F,1,Puisne Justice,0,3,0,429,7,2844
2021-01-21--39134,2021-01-21,Brown,M,0,Puisne Justice,0,1,1,190,5,2844
2021-01-22--39214,2021-01-22,Wagner,M,0,Chief Justice,1,2,3,174,9,4169
2021-01-22--39214,2021-01-22,Rowe,M,0,Puisne Justice,0,1,0,509,6,4169
2021-01-22--39214,2021-01-22,1,,0,,0,0,0,132,1,4169
2021-01-22--39214,2021-01-22,Abella,F,1,Puisne Justice,0,0,0,539,8,4169
2021-01-22--39214,2021-01-22,speakers,,0,,0,0,0,3,1,4169
2021-01-22--39214,2021-01-22,Brown,M,0,Puisne Justice,0,2,1,594,10,4169
2021-01-22--39214,2021-01-22,Moldaver,M,0,Puisne Justice,0,0,0,841,11,4169
2021-01-22--39214,2021-01-22,Martin,F,1,Puisne Justice,0,1,0,217,4,4169
2021-01-22--39214,2021-01-22,Karakatsanis,F,1,Puisne Justice,0,0,0,286,5,4169
2021-01-22--39214,2021-01-22,3,,0,,0,0,1,83,1,4169
2021-02-15--39041,2021-02-15,Wagner,M,0,Chief Justice,1,6,6,900,22,10413
2021-02-15--39041,2021-02-15,Abella,F,1,Puisne Justice,0,9,1,1151,34,10413
2021-02-15--39041,2021-02-15,Kasirer,M,0,Puisne Justice,0,2,1,1941,22,10413
2021-02-15--39041,2021-02-15,Karakatsanis,F,1,Puisne Justice,0,1,0,31,1,10413
2021-02-15--39041,2021-02-15,Rowe,M,0,Puisne Justice,0,1,0,438,8,10413
2021-02-15--39041,2021-02-15,Brown,M,0,Puisne Justice,0,1,0,328,4,10413
2021-02-15--39041,2021-02-15,Martin,F,1,Puisne Justice,0,3,0,328,6,10413
2021-02-15--39041,2021-02-15,1,,0,,0,0,0,206,1,10413
2021-02-15--39041,2021-02-15,Moldaver,M,0,Puisne Justice,0,1,0,240,5,10413
2021-02-18--39112,2021-02-18,Martin,F,1,Puisne Justice,0,0,0,344,5,8319
2021-02-18--39112,2021-02-18,Wagner,M,0,Chief Justice,1,0,1,245,8,8319
2021-02-18--39112,2021-02-18,Rowe,M,0,Puisne Justice,0,1,1,883,10,8319
2021-02-18--39112,2021-02-18,Abella,F,1,Puisne Justice,0,0,0,982,13,8319
2021-02-18--39112,2021-02-18,Moldaver,M,0,Puisne Justice,0,5,0,2418,21,8319
2021-02-18--39112,2021-02-18,Karakatsanis,F,1,Puisne Justice,0,0,0,483,6,8319
2021-02-18--39112,2021-02-18,Brown,M,0,Puisne Justice,0,1,0,820,17,8319
2021-02-18--39112,2021-02-18,Kasirer,M,0,Puisne Justice,0,1,0,709,5,8319
2021-02-18--39112,2021-02-18,1,,0,,0,0,0,628,2,8319
2021-02-19--39245,2021-02-19,Rowe,M,0,Puisne Justice,0,0,0,320,3,3305
2021-02-19--39245,2021-02-19,Kasirer,M,0,Puisne Justice,0,0,0,194,5,3305
2021-02-19--39245,2021-02-19,Brown,M,0,Puisne Justice,0,0,0,262,2,3305
2021-02-19--39245,2021-02-19,Martin,F,1,Puisne Justice,0,1,0,53,1,3305
2021-03-16--38921,2021-03-16,Wagner,M,0,Chief Justice,1,2,13,111,20,13277
2021-03-16--38921,2021-03-16,Rowe,M,0,Puisne Justice,0,0,1,613,8,13277
2021-03-16--38921,2021-03-16,Brown,M,0,Puisne Justice,0,8,1,1453,28,13277
2021-03-16--38921,2021-03-16,Abella,F,1,Puisne Justice,0,4,0,2641,45,13277
2021-03-16--38921,2021-03-16,Martin,F,1,Puisne Justice,0,2,0,469,4,13277
2021-03-16--38921,2021-03-16,Karakatsanis,F,1,Puisne Justice,0,1,0,118,2,13277
2021-03-16--38921,2021-03-16,Kasirer,M,0,Puisne Justice,0,1,0,681,8,13277
2021-03-16--38921,2021-03-16,Moldaver,M,0,Puisne Justice,0,0,0,260,6,13277
2021-03-18--39155,2021-03-18,Wagner,M,0,Chief Justice,1,2,1,1431,23,7528
2021-03-18--39155,2021-03-18,Kasirer,M,0,Puisne Justice,0,1,1,2293,26,7528
2021-03-18--39155,2021-03-18,Brown,M,0,Puisne Justice,0,0,0,119,2,7528
2021-03-19--39113,2021-03-19,Wagner,M,0,Chief Justice,1,2,3,112,6,7887
2021-03-19--39113,2021-03-19,Kasirer,M,0,Puisne Justice,0,4,1,605,8,7887
2021-03-19--39113,2021-03-19,Brown,M,0,Puisne Justice,0,3,0,658,14,7887
2021-03-19--39113,2021-03-19,Rowe,M,0,Puisne Justice,0,0,1,192,4,7887
2021-03-19--39113,2021-03-19,Abella,F,1,Puisne Justice,0,0,0,1533,19,7887
2021-03-19--39113,2021-03-19,Karakatsanis,F,1,Puisne Justice,0,2,0,623,8,7887
2021-03-19--39113,2021-03-19,Moldaver,M,0,Puisne Justice,0,3,0,807,6,7887
2021-03-19--39113,2021-03-19,Martin,F,1,Puisne Justice,0,0,0,600,8,7887
2021-03-19--39113,2021-03-19,1,,0,,0,1,1,25,1,7887
2021-03-23--39122,2021-03-23,Wagner,M,0,Chief Justice,1,2,1,113,5,7581
2021-03-23--39122,2021-03-23,Rowe,M,0,Puisne Justice,0,1,0,575,9,7581
2021-03-23--39122,2021-03-23,Brown,M,0,Puisne Justice,0,12,3,1679,32,7581
2021-03-23--39122,2021-03-23,speakers,,0,,0,0,0,20,1,7581
2021-03-23--39122,2021-03-23,Kasirer,M,0,Puisne Justice,0,3,1,576,7,7581
2021-03-23--39122,2021-03-23,Abella,F,1,Puisne Justice,0,1,0,1061,16,7581
2021-03-23--39122,2021-03-23,Martin,F,1,Puisne Justice,0,0,0,378,5,7581
2021-03-23--39122,2021-03-23,Moldaver,M,0,Puisne Justice,0,1,1,342,3,7581
2021-03-23--39122,2021-03-23,Karakatsanis,F,1,Puisne Justice,0,1,0,353,4,7581
2021-03-24--39182,2021-03-24,Kasirer,M,0,Puisne Justice,0,2,0,239,5,7890
2021-03-24--39182,2021-03-24,Moldaver,M,0,Puisne Justice,0,7,4,1341,23,7890
2021-03-24--39182,2021-03-24,Brown,M,0,Puisne Justice,0,10,3,1869,43,7890
2021-03-24--39182,2021-03-24,1,,0,,0,0,0,22,1,7890
2021-03-24--39182,2021-03-24,Martin,F,1,Puisne Justice,0,0,1,424,6,7890
2021-03-24--39182,2021-03-24,Rowe,M,0,Puisne Justice,0,2,0,687,7,7890
2021-03-24--39182,2021-03-24,Karakatsanis,F,1,Puisne Justice,0,4,1,651,13,7890
2021-03-24--39182,2021-03-24,speakers,,0,,0,0,0,10,1,7890
2021-03-25--39108,2021-03-25,Wagner,M,0,Chief Justice,1,2,8,90,15,10123
2021-03-25--39108,2021-03-25,1,,0,,0,0,0,406,2,10123
2021-03-25--39108,2021-03-25,Karakatsanis,F,1,Puisne Justice,0,1,1,1072,17,10123
2021-03-25--39108,2021-03-25,Rowe,M,0,Puisne Justice,0,3,1,900,16,10123
2021-03-25--39108,2021-03-25,Martin,F,1,Puisne Justice,0,0,1,862,8,10123
2021-03-25--39108,2021-03-25,Moldaver,M,0,Puisne Justice,0,1,0,1359,11,10123
2021-03-25--39108,2021-03-25,Kasirer,M,0,Puisne Justice,0,2,0,1080,11,10123
2021-03-25--39108,2021-03-25,speakers,,0,,0,0,0,4,1,10123
2021-04-13--39215,2021-04-13,Brown,M,0,Puisne Justice,0,1,0,406,8,5104
2021-04-13--39215,2021-04-13,Karakatsanis,F,1,Puisne Justice,0,0,0,461,7,5104
2021-04-13--39215,2021-04-13,Abella,F,1,Puisne Justice,0,1,1,422,6,5104
2021-04-13--39215,2021-04-13,Moldaver,M,0,Puisne Justice,0,2,1,1093,11,5104
2021-04-13--39215,2021-04-13,Rowe,M,0,Puisne Justice,0,0,0,55,2,5104
2021-04-13--39215,2021-04-13,1,,0,,0,0,1,8,2,5104
2021-04-13--39215,2021-04-13,speakers,,0,,0,0,0,25,1,5104
2021-04-15--37878,2021-04-15,Rowe,M,0,Puisne Justice,0,0,0,483,9,9948
2021-04-15--37878,2021-04-15,Wagner,M,0,Chief Justice,1,3,8,273,13,9948
2021-04-15--37878,2021-04-15,Abella,F,1,Puisne Justice,0,2,2,1606,27,9948
2021-04-15--37878,2021-04-15,Karakatsanis,F,1,Puisne Justice,0,3,2,552,10,9948
2021-04-15--37878,2021-04-15,Kasirer,M,0,Puisne Justice,0,0,0,277,3,9948
2021-04-15--37878,2021-04-15,Brown,M,0,Puisne Justice,0,4,1,931,17,9948
2021-04-15--37878,2021-04-15,1,,0,,0,0,1,31,1,9948
2021-04-16--39372,2021-04-16,Wagner,M,0,Chief Justice,1,1,2,565,11,3854
2021-04-16--39372,2021-04-16,Kasirer,M,0,Puisne Justice,0,0,0,1374,12,3854
2021-04-20--39130,2021-04-20,Wagner,M,0,Chief Justice,1,0,0,67,5,7332
2021-04-20--39130,2021-04-20,Rowe,M,0,Puisne Justice,0,2,0,599,11,7332
2021-04-20--39130,2021-04-20,Kasirer,M,0,Puisne Justice,0,3,1,634,12,7332
2021-04-20--39130,2021-04-20,Karakatsanis,F,1,Puisne Justice,0,3,1,603,11,7332
2021-04-22--39401,2021-04-22,Moldaver,M,0,Puisne Justice,0,2,1,678,11,3204
2021-04-22--39401,2021-04-22,Rowe,M,0,Puisne Justice,0,0,0,329,2,3204
2021-04-22--39401,2021-04-22,Karakatsanis,F,1,Puisne Justice,0,0,0,123,1,3204
2021-04-22--39401,2021-04-22,Brown,M,0,Puisne Justice,0,0,0,536,3,3204
2021-05-12--39301,2021-05-12,Wagner,M,0,Chief Justice,1,1,3,88,7,5753
2021-05-12--39301,2021-05-12,Moldaver,M,0,Puisne Justice,0,3,0,2126,14,5753
2021-05-12--39301,2021-05-12,Kasirer,M,0,Puisne Justice,0,1,0,377,4,5753
2021-05-12--39301,2021-05-12,Brown,M,0,Puisne Justice,0,0,0,300,6,5753
2021-05-12--39301,2021-05-12,Rowe,M,0,Puisne Justice,0,0,0,316,5,5753
2021-05-12--39301,2021-05-12,Martin,F,1,Puisne Justice,0,2,0,582,4,5753
2021-05-13--39220,2021-05-13,Wagner,M,0,Chief Justice,1,2,4,190,10,8407
2021-05-13--39220,2021-05-13,Brown,M,0,Puisne Justice,0,8,1,915,21,8407
2021-05-13--39220,2021-05-13,Karakatsanis,F,1,Puisne Justice,0,0,2,392,7,8407
2021-05-13--39220,2021-05-13,Martin,F,1,Puisne Justice,0,1,2,303,5,8407
2021-05-13--39220,2021-05-13,Kasirer,M,0,Puisne Justice,0,4,0,1452,18,8407
2021-05-13--39220,2021-05-13,Moldaver,M,0,Puisne Justice,0,1,0,433,6,8407
2021-05-13--39220,2021-05-13,speakers,,0,,0,0,0,1,1,8407
2021-05-13--39220,2021-05-13,Rowe,M,0,Puisne Justice,0,0,0,1,1,8407
2021-05-14--39277-39278,2021-05-14,Wagner,M,0,Chief Justice,1,2,3,375,16,7831
2021-05-14--39277-39278,2021-05-14,Brown,M,0,Puisne Justice,0,1,1,601,14,7831
2021-05-14--39277-39278,2021-05-14,Moldaver,M,0,Puisne Justice,0,1,2,801,9,7831
2021-05-14--39277-39278,2021-05-14,Abella,F,1,Puisne Justice,0,3,2,846,17,7831
2021-05-14--39277-39278,2021-05-14,Côté,F,1,Puisne Justice,0,2,0,367,7,7831
2021-05-14--39277-39278,2021-05-14,Kasirer,M,0,Puisne Justice,0,2,0,130,4,7831
2021-05-14--39277-39278,2021-05-14,Karakatsanis,F,1,Puisne Justice,0,1,0,814,11,7831
2021-05-14--39277-39278,2021-05-14,Rowe,M,0,Puisne Justice,0,3,0,704,11,7831
2021-05-14--39277-39278,2021-05-14,Martin,F,1,Puisne Justice,0,1,0,348,6,7831
2021-05-17--38949,2021-05-17,Wagner,M,0,Chief Justice,1,0,1,408,13,6379
2021-05-17--38949,2021-05-17,Brown,M,0,Puisne Justice,0,8,5,1334,35,6379
2021-05-17--38949,2021-05-17,Rowe,M,0,Puisne Justice,0,0,0,356,6,6379
2021-05-17--38949,2021-05-17,Kasirer,M,0,Puisne Justice,0,1,0,357,4,6379
2021-05-17--38949,2021-05-17,Moldaver,M,0,Puisne Justice,0,2,0,925,12,6379
2021-05-17--38949,2021-05-17,Karakatsanis,F,1,Puisne Justice,0,3,0,239,8,6379
2021-05-18--39227,2021-05-18,Wagner,M,0,Chief Justice,1,2,10,450,27,10923
2021-05-18--39227,2021-05-18,Brown,M,0,Puisne Justice,0,3,2,1585,30,10923
2021-05-18--39227,2021-05-18,Martin,F,1,Puisne Justice,0,1,0,718,6,10923
2021-05-18--39227,2021-05-18,Abella,F,1,Puisne Justice,0,0,0,1058,10,10923
2021-05-18--39227,2021-05-18,Moldaver,M,0,Puisne Justice,0,1,0,507,4,10923
2021-05-18--39227,2021-05-18,Kasirer,M,0,Puisne Justice,0,1,0,604,6,10923
2021-05-18--39227,2021-05-18,Rowe,M,0,Puisne Justice,0,2,1,749,12,10923
2021-05-18--39227,2021-05-18,Karakatsanis,F,1,Puisne Justice,0,2,1,154,5,10923
2021-05-19--39456,2021-05-19,Rowe,M,0,Puisne Justice,0,0,0,393,5,3929
2021-05-19--39456,2021-05-19,Moldaver,M,0,Puisne Justice,0,1,0,776,8,3929
2021-05-19--39456,2021-05-19,Kasirer,M,0,Puisne Justice,0,1,0,362,5,3929
2021-05-19--39456,2021-05-19,Karakatsanis,F,1,Puisne Justice,0,0,0,323,3,3929
2021-05-21--39222,2021-05-21,Wagner,M,0,Chief Justice,1,5,12,869,31,14956
2021-05-21--39222,2021-05-21,Abella,F,1,Puisne Justice,0,2,2,1938,10,14956
2021-05-21--39222,2021-05-21,Brown,M,0,Puisne Justice,0,4,1,636,16,14956
2021-05-21--39222,2021-05-21,Rowe,M,0,Puisne Justice,0,1,0,352,12,14956
2021-05-21--39222,2021-05-21,Kasirer,M,0,Puisne Justice,0,0,0,449,7,14956
2021-05-21--39222,2021-05-21,Karakatsanis,F,1,Puisne Justice,0,1,1,32,2,14956
2021-05-21--39222,2021-05-21,Martin,F,1,Puisne Justice,0,0,0,436,3,14956
2021-05-21--39222,2021-05-21,13,,0,,0,0,1,384,1,14956
2021-05-21--39222,2021-05-21,2,,0,,0,0,0,599,1,14956
2021-10-05--39133-39516,2021-10-05,Wagner,M,0,Chief Justice,1,1,3,80,8,14755
2021-10-05--39133-39516,2021-10-05,Rowe,M,0,Puisne Justice,0,0,0,980,18,14755
2021-10-05--39133-39516,2021-10-05,Brown,M,0,Puisne Justice,0,7,1,1752,35,14755
2021-10-05--39133-39516,2021-10-05,Karakatsanis,F,1,Puisne Justice,0,0,0,50,1,14755
2021-10-05--39133-39516,2021-10-05,Kasirer,M,0,Puisne Justice,0,2,0,436,7,14755
2021-10-05--39133-39516,2021-10-05,Jamal,M,0,Puisne Justice,0,1,1,356,5,14755
2021-10-05--39133-39516,2021-10-05,Martin,F,1,Puisne Justice,0,0,0,297,2,14755
2021-10-05--39133-39516,2021-10-05,Côté,F,1,Puisne Justice,0,1,1,169,4,14755
2021-10-05--39133-39516,2021-10-05,Moldaver,M,0,Puisne Justice,0,2,2,2377,20,14755
2021-10-06--39133-39516,2021-10-06,Wagner,M,0,Chief Justice,1,1,13,418,21,8674
2021-10-06--39133-39516,2021-10-06,Rowe,M,0,Puisne Justice,0,1,0,549,7,8674
2021-10-06--39133-39516,2021-10-06,Brown,M,0,Puisne Justice,0,2,1,436,12,8674
2021-10-06--39133-39516,2021-10-06,Moldaver,M,0,Puisne Justice,0,2,1,346,5,8674
2021-10-06--39133-39516,2021-10-06,Côté,F,1,Puisne Justice,0,0,0,56,1,8674
2021-10-06--39133-39516,2021-10-06,Kasirer,M,0,Puisne Justice,0,0,0,171,2,8674
2021-10-06--39133-39516,2021-10-06,Karakatsanis,F,1,Puisne Justice,0,1,0,170,2,8674
2021-10-06--39133-39516,2021-10-06,speakers,,0,,0,0,0,3,1,8674
2021-10-07--39525,2021-10-07,Wagner,M,0,Chief Justice,1,0,2,43,5,3898
2021-10-07--39525,2021-10-07,Moldaver,M,0,Puisne Justice,0,1,1,1013,10,3898
2021-10-07--39525,2021-10-07,Brown,M,0,Puisne Justice,0,1,0,1091,19,3898
2021-10-07--39525,2021-10-07,Rowe,M,0,Puisne Justice,0,0,0,185,4,3898
2021-10-07--39525,2021-10-07,Jamal,M,0,Puisne Justice,0,0,0,104,2,3898
2021-10-07--39525,2021-10-07,Kasirer,M,0,Puisne Justice,0,1,0,368,4,3898
2021-10-07--39525,2021-10-07,Côté,F,1,Puisne Justice,0,0,0,64,1,3898
2021-10-07--39525,2021-10-07,speakers,,0,,0,0,0,3,1,3898
2021-10-08--39274,2021-10-08,Wagner,M,0,Chief Justice,1,2,0,183,10,4269
2021-10-08--39274,2021-10-08,Martin,F,1,Puisne Justice,0,0,0,134,3,4269
2021-10-08--39274,2021-10-08,Brown,M,0,Puisne Justice,0,0,0,276,9,4269
2021-10-08--39274,2021-10-08,Karakatsanis,F,1,Puisne Justice,0,0,0,217,4,4269
2021-10-08--39274,2021-10-08,1,,0,,0,0,0,52,1,4269
2021-10-08--39274,2021-10-08,Kasirer,M,0,Puisne Justice,0,0,0,173,2,4269
2021-10-08--39274,2021-10-08,Rowe,M,0,Puisne Justice,0,0,0,4,1,4269
2021-10-12--39270,2021-10-12,Wagner,M,0,Chief Justice,1,0,11,437,22,15865
2021-10-12--39270,2021-10-12,Brown,M,0,Puisne Justice,0,4,3,2223,45,15865
2021-10-12--39270,2021-10-12,Kasirer,M,0,Puisne Justice,0,0,1,506,12,15865
2021-10-12--39270,2021-10-12,Moldaver,M,0,Puisne Justice,0,2,0,1289,16,15865
2021-10-12--39270,2021-10-12,Rowe,M,0,Puisne Justice,0,1,1,1171,19,15865
2021-10-12--39270,2021-10-12,Karakatsanis,F,1,Puisne Justice,0,0,1,213,3,15865
2021-10-12--39270,2021-10-12,Martin,F,1,Puisne Justice,0,2,1,704,9,15865
2021-10-12--39270,2021-10-12,Jamal,M,0,Puisne Justice,0,0,0,154,2,15865
2021-10-13--39123,2021-10-13,Wagner,M,0,Chief Justice,1,4,2,187,14,7425
2021-10-13--39123,2021-10-13,Brown,M,0,Puisne Justice,0,3,2,1348,25,7425
2021-10-13--39123,2021-10-13,1,,0,,0,0,1,720,2,7425
2021-10-13--39123,2021-10-13,Rowe,M,0,Puisne Justice,0,0,1,551,7,7425
2021-10-13--39123,2021-10-13,Kasirer,M,0,Puisne Justice,0,0,0,930,9,7425
2021-10-13--39123,2021-10-13,Karakatsanis,F,1,Puisne Justice,0,0,0,600,7,7425
2021-10-13--39123,2021-10-13,Moldaver,M,0,Puisne Justice,0,0,0,582,5,7425
2021-10-13--39123,2021-10-13,Martin,F,1,Puisne Justice,0,2,0,111,3,7425
2021-10-13--39123,2021-10-13,Jamal,M,0,Puisne Justice,0,0,0,90,1,7425
2021-10-14--39531,2021-10-14,Wagner,M,0,Chief Justice,1,0,0,61,6,4210
2021-10-14--39531,2021-10-14,Moldaver,M,0,Puisne Justice,0,0,0,829,4,4210
2021-10-14--39531,2021-10-14,Brown,M,0,Puisne Justice,0,1,0,409,6,4210
2021-10-14--39531,2021-10-14,Rowe,M,0,Puisne Justice,0,0,0,192,4,4210
2021-10-14--39531,2021-10-14,Karakatsanis,F,1,Puisne Justice,0,0,0,308,4,4210
2021-10-15--39556,2021-10-15,Wagner,M,0,Chief Justice,1,1,1,59,6,3088
2021-10-15--39556,2021-10-15,Martin,F,1,Puisne Justice,0,0,0,158,2,3088
2021-10-15--39556,2021-10-15,Karakatsanis,F,1,Puisne Justice,0,0,1,112,3,3088
2021-10-15--39556,2021-10-15,Brown,M,0,Puisne Justice,0,0,0,159,4,3088
2021-10-15--39556,2021-10-15,Kasirer,M,0,Puisne Justice,0,0,0,56,1,3088
2021-10-15--39556,2021-10-15,Rowe,M,0,Puisne Justice,0,0,0,4,1,3088
2021-11-02--39416,2021-11-02,Wagner,M,0,Chief Justice,1,1,4,43,6,4828
2021-11-02--39416,2021-11-02,Moldaver,M,0,Puisne Justice,0,4,1,1154,19,4828
2021-11-02--39416,2021-11-02,Kasirer,M,0,Puisne Justice,0,0,0,157,2,4828
2021-11-02--39416,2021-11-02,Karakatsanis,F,1,Puisne Justice,0,0,0,68,1,4828
2021-11-02--39416,2021-11-02,Rowe,M,0,Puisne Justice,0,1,0,216,3,4828
2021-11-02--39416,2021-11-02,Brown,M,0,Puisne Justice,0,2,1,514,12,4828
2021-11-02--39416,2021-11-02,Martin,F,1,Puisne Justice,0,0,0,288,4,4828
2021-11-02--39416,2021-11-02,Jamal,M,0,Puisne Justice,0,0,0,289,2,4828
2021-11-03--39287,2021-11-03,Rowe,M,0,Puisne Justice,0,0,1,790,12,9913
2021-11-03--39287,2021-11-03,Wagner,M,0,Chief Justice,1,2,10,513,26,9913
2021-11-03--39287,2021-11-03,Côté,F,1,Puisne Justice,0,0,0,149,1,9913
2021-11-03--39287,2021-11-03,Jamal,M,0,Puisne Justice,0,1,1,234,4,9913
2021-11-03--39287,2021-11-03,Karakatsanis,F,1,Puisne Justice,0,0,0,694,8,9913
2021-11-03--39287,2021-11-03,Brown,M,0,Puisne Justice,0,5,2,1025,27,9913
2021-11-03--39287,2021-11-03,Moldaver,M,0,Puisne Justice,0,3,1,1516,18,9913
2021-11-03--39287,2021-11-03,Kasirer,M,0,Puisne Justice,0,1,0,183,2,9913
2021-11-03--39287,2021-11-03,Martin,F,1,Puisne Justice,0,0,1,734,7,9913
2021-11-04--39323,2021-11-04,Rowe,M,0,Puisne Justice,0,2,0,1627,13,10946
2021-11-04--39323,2021-11-04,Wagner,M,0,Chief Justice,1,1,5,116,15,10946
2021-11-04--39323,2021-11-04,Brown,M,0,Puisne Justice,0,3,0,1327,19,10946
2021-11-04--39323,2021-11-04,Martin,F,1,Puisne Justice,0,1,0,235,3,10946
2021-11-04--39323,2021-11-04,Jamal,M,0,Puisne Justice,0,0,0,207,2,10946
2021-11-04--39323,2021-11-04,Kasirer,M,0,Puisne Justice,0,1,0,531,6,10946
2021-11-04--39323,2021-11-04,Moldaver,M,0,Puisne Justice,0,4,0,1242,9,10946
2021-11-04--39323,2021-11-04,Karakatsanis,F,1,Puisne Justice,0,0,0,425,9,10946
2021-11-05--39440,2021-11-05,Wagner,M,0,Chief Justice,1,1,1,85,5,3794
2021-11-05--39440,2021-11-05,Rowe,M,0,Puisne Justice,0,1,0,526,7,3794
2021-11-05--39440,2021-11-05,Brown,M,0,Puisne Justice,0,0,1,706,12,3794
2021-11-05--39440,2021-11-05,Karakatsanis,F,1,Puisne Justice,0,3,1,301,6,3794
2021-11-05--39440,2021-11-05,speakers,,0,,0,0,0,1,1,3794
2021-11-05--39440,2021-11-05,Moldaver,M,0,Puisne Justice,0,1,0,422,2,3794
2021-11-05--39440,2021-11-05,Martin,F,1,Puisne Justice,0,0,0,37,1,3794
2021-11-08--39340,2021-11-08,Wagner,M,0,Chief Justice,1,3,13,360,23,12156
2021-11-08--39340,2021-11-08,Brown,M,0,Puisne Justice,0,2,2,1682,21,12156
2021-11-08--39340,2021-11-08,Rowe,M,0,Puisne Justice,0,1,0,714,8,12156
2021-11-08--39340,2021-11-08,Jamal,M,0,Puisne Justice,0,0,0,605,7,12156
2021-11-08--39340,2021-11-08,Karakatsanis,F,1,Puisne Justice,0,1,0,467,8,12156
2021-11-08--39340,2021-11-08,Moldaver,M,0,Puisne Justice,0,5,2,1727,25,12156
2021-11-08--39340,2021-11-08,Kasirer,M,0,Puisne Justice,0,0,0,490,8,12156
2021-11-08--39340,2021-11-08,speakers,,0,,0,0,0,2,1,12156
2021-11-08--39340,2021-11-08,Martin,F,1,Puisne Justice,0,2,0,283,5,12156
2021-11-09--39781,2021-11-09,Wagner,M,0,Chief Justice,1,3,7,212,14,8444
2021-11-09--39781,2021-11-09,Kasirer,M,0,Puisne Justice,0,2,1,782,12,8444
2021-11-09--39781,2021-11-09,Rowe,M,0,Puisne Justice,0,2,0,400,6,8444
2021-11-09--39781,2021-11-09,Moldaver,M,0,Puisne Justice,0,0,0,396,7,8444
2021-11-09--39781,2021-11-09,Brown,M,0,Puisne Justice,0,5,1,1480,24,8444
2021-11-09--39781,2021-11-09,Karakatsanis,F,1,Puisne Justice,0,0,0,63,1,8444
2021-11-12--39162,2021-11-12,Wagner,M,0,Chief Justice,1,2,7,1209,31,8579
2021-11-12--39162,2021-11-12,Rowe,M,0,Puisne Justice,0,0,0,213,5,8579
2021-11-12--39162,2021-11-12,Kasirer,M,0,Puisne Justice,0,2,0,942,10,8579
2021-11-12--39162,2021-11-12,Jamal,M,0,Puisne Justice,0,1,0,167,2,8579
2021-11-12--39162,2021-11-12,Moldaver,M,0,Puisne Justice,0,1,0,62,1,8579
2021-11-12--39162,2021-11-12,Brown,M,0,Puisne Justice,0,0,0,39,1,8579
2021-11-30--39267,2021-11-30,Wagner,M,0,Chief Justice,1,4,6,1627,31,9471
2021-11-30--39267,2021-11-30,Kasirer,M,0,Puisne Justice,0,2,0,1644,19,9471
2021-11-30--39267,2021-11-30,Rowe,M,0,Puisne Justice,0,0,0,104,2,9471
2021-11-30--39267,2021-11-30,Brown,M,0,Puisne Justice,0,1,1,387,7,9471
2021-11-30--39267,2021-11-30,Moldaver,M,0,Puisne Justice,0,0,0,112,1,9471
2021-11-30--39267,2021-11-30,6,,0,,0,0,0,198,1,9471
2021-12-01--39533-39567-39558,2021-12-01,Wagner,M,0,Chief Justice,1,4,4,180,11,14159
2021-12-01--39533-39567-39558,2021-12-01,Côté,F,1,Puisne Justice,0,0,1,694,10,14159
2021-12-01--39533-39567-39558,2021-12-01,Moldaver,M,0,Puisne Justice,0,0,0,1311,10,14159
2021-12-01--39533-39567-39558,2021-12-01,Brown,M,0,Puisne Justice,0,5,1,1329,28,14159
2021-12-01--39533-39567-39558,2021-12-01,Rowe,M,0,Puisne Justice,0,2,0,1230,15,14159
2021-12-01--39533-39567-39558,2021-12-01,Kasirer,M,0,Puisne Justice,0,4,1,1728,25,14159
2021-12-01--39533-39567-39558,2021-12-01,Martin,F,1,Puisne Justice,0,0,0,778,9,14159
2021-12-01--39533-39567-39558,2021-12-01,speakers,,0,,0,0,0,5,1,14159
2021-12-01--39533-39567-39558,2021-12-01,Karakatsanis,F,1,Puisne Justice,0,6,2,930,14,14159
2021-12-01--39533-39567-39558,2021-12-01,Jamal,M,0,Puisne Justice,0,0,1,633,3,14159
2021-12-02--39533-39567-39558,2021-12-02,Martin,F,1,Puisne Justice,0,0,1,856,9,6522
2021-12-02--39533-39567-39558,2021-12-02,Brown,M,0,Puisne Justice,0,1,0,530,9,6522
2021-12-02--39533-39567-39558,2021-12-02,Kasirer,M,0,Puisne Justice,0,1,0,360,4,6522
2021-12-02--39533-39567-39558,2021-12-02,Jamal,M,0,Puisne Justice,0,0,0,84,1,6522
2021-12-02--39533-39567-39558,2021-12-02,Karakatsanis,F,1,Puisne Justice,0,0,0,112,2,6522
2021-12-02--39533-39567-39558,2021-12-02,Côté,F,1,Puisne Justice,0,0,1,2,1,6522
2021-12-03--39330,2021-12-03,Wagner,M,0,Chief Justice,1,3,4,1669,35,8034
2021-12-03--39330,2021-12-03,Kasirer,M,0,Puisne Justice,0,2,0,1394,13,8034
2021-12-03--39330,2021-12-03,Brown,M,0,Puisne Justice,0,0,0,103,3,8034
2021-12-03--39330,2021-12-03,Rowe,M,0,Puisne Justice,0,0,0,67,2,8034
2021-12-03--39570,2021-12-03,Wagner,M,0,Chief Justice,1,0,4,43,7,5156
2021-12-03--39570,2021-12-03,Rowe,M,0,Puisne Justice,0,1,0,200,6,5156
2021-12-03--39570,2021-12-03,Brown,M,0,Puisne Justice,0,2,0,286,7,5156
2021-12-03--39570,2021-12-03,Jamal,M,0,Puisne Justice,0,0,0,238,4,5156
2021-12-03--39570,2021-12-03,Martin,F,1,Puisne Justice,0,1,1,344,4,5156
2021-12-03--39570,2021-12-03,Moldaver,M,0,Puisne Justice,0,2,0,1396,10,5156
2021-12-03--39570,2021-12-03,Karakatsanis,F,1,Puisne Justice,0,1,1,144,4,5156
2021-12-06--39350,2021-12-06,Moldaver,M,0,Puisne Justice,0,1,1,540,7,8978
2021-12-06--39350,2021-12-06,Wagner,M,0,Chief Justice,1,2,3,267,10,8978
2021-12-06--39350,2021-12-06,Brown,M,0,Puisne Justice,0,2,1,479,11,8978
2021-12-06--39350,2021-12-06,Martin,F,1,Puisne Justice,0,0,0,500,5,8978
2021-12-06--39350,2021-12-06,Kasirer,M,0,Puisne Justice,0,1,0,512,7,8978
2021-12-06--39350,2021-12-06,Jamal,M,0,Puisne Justice,0,0,0,412,3,8978
2021-12-06--39350,2021-12-06,Rowe,M,0,Puisne Justice,0,0,0,237,3,8978
2021-12-07--39568,2021-12-07,Wagner,M,0,Chief Justice,1,1,0,149,6,3877
2021-12-07--39568,2021-12-07,Kasirer,M,0,Puisne Justice,0,0,1,377,5,3877
2021-12-07--39568,2021-12-07,Brown,M,0,Puisne Justice,0,1,0,657,9,3877
2021-12-07--39568,2021-12-07,Karakatsanis,F,1,Puisne Justice,0,2,0,373,4,3877
2021-12-07--39568,2021-12-07,Jamal,M,0,Puisne Justice,0,0,1,174,3,3877
2021-12-07--39568,2021-12-07,Martin,F,1,Puisne Justice,0,1,0,86,1,3877
2021-12-07--39568,2021-12-07,Moldaver,M,0,Puisne Justice,0,0,0,224,2,3877
2021-12-08--39577,2021-12-08,Martin,F,1,Puisne Justice,0,0,0,115,3,3699
2021-12-08--39577,2021-12-08,Wagner,M,0,Chief Justice,1,0,1,29,5,3699
2021-12-08--39577,2021-12-08,Kasirer,M,0,Puisne Justice,0,1,0,140,2,3699
2021-12-08--39577,2021-12-08,Moldaver,M,0,Puisne Justice,0,0,0,1240,10,3699
2021-12-08--39577,2021-12-08,Brown,M,0,Puisne Justice,0,0,0,34,1,3699
2021-12-08--39577,2021-12-08,Jamal,M,0,Puisne Justice,0,0,0,29,1,3699
2021-12-08--39577,2021-12-08,Karakatsanis,F,1,Puisne Justice,0,0,0,89,2,3699
2021-12-09--39569,2021-12-09,Wagner,M,0,Chief Justice,1,0,0,39,4,3927
2021-12-09--39569,2021-12-09,Rowe,M,0,Puisne Justice,0,0,0,334,3,3927
2021-12-09--39569,2021-12-09,Martin,F,1,Puisne Justice,0,0,0,83,2,3927
2021-12-09--39569,2021-12-09,Moldaver,M,0,Puisne Justice,0,1,0,851,7,3927
2021-12-09--39569,2021-12-09,Brown,M,0,Puisne Justice,0,1,0,483,7,3927
2021-12-09--39569,2021-12-09,Kasirer,M,0,Puisne Justice,0,0,0,363,4,3927
2021-12-09--39569,2021-12-09,Karakatsanis,F,1,Puisne Justice,0,0,0,130,2,3927
2021-12-09--39569,2021-12-09,Jamal,M,0,Puisne Justice,0,0,0,48,1,3927
2021-12-10--39559,2021-12-10,Wagner,M,0,Chief Justice,1,1,1,36,5,3720
2021-12-10--39559,2021-12-10,Brown,M,0,Puisne Justice,0,0,0,505,7,3720
2021-12-10--39559,2021-12-10,Jamal,M,0,Puisne Justice,0,0,0,170,2,3720
2021-12-10--39559,2021-12-10,Martin,F,1,Puisne Justice,0,0,0,196,2,3720
2021-12-10--39559,2021-12-10,Rowe,M,0,Puisne Justice,0,0,0,185,3,3720
2021-12-10--39559,2021-12-10,Kasirer,M,0,Puisne Justice,0,0,0,83,1,3720
2021-12-10--39559,2021-12-10,Moldaver,M,0,Puisne Justice,0,1,0,406,3,3720
2022-01-11--39383,2022-01-11,Wagner,M,0,Chief Justice,1,2,4,105,13,7447
2022-01-11--39383,2022-01-11,Kasirer,M,0,Puisne Justice,0,0,0,782,10,7447
2022-01-11--39383,2022-01-11,Karakatsanis,F,1,Puisne Justice,0,1,0,559,5,7447
2022-01-11--39383,2022-01-11,Brown,M,0,Puisne Justice,0,1,0,358,6,7447
2022-01-11--39383,2022-01-11,Rowe,M,0,Puisne Justice,0,0,1,561,6,7447
2022-01-11--39383,2022-01-11,Martin,F,1,Puisne Justice,0,1,0,204,4,7447
2022-01-11--39383,2022-01-11,Jamal,M,0,Puisne Justice,0,1,0,321,3,7447
2022-01-11--39383,2022-01-11,Moldaver,M,0,Puisne Justice,0,2,1,1035,11,7447
2022-01-12--39430,2022-01-12,Rowe,M,0,Puisne Justice,0,0,2,1236,14,7340
2022-01-12--39430,2022-01-12,Wagner,M,0,Chief Justice,1,1,0,218,6,7340
2022-01-12--39430,2022-01-12,Jamal,M,0,Puisne Justice,0,0,0,537,5,7340
2022-01-12--39430,2022-01-12,Kasirer,M,0,Puisne Justice,0,0,0,666,7,7340
2022-01-12--39430,2022-01-12,Brown,M,0,Puisne Justice,0,2,0,1121,18,7340
2022-01-12--39430,2022-01-12,Karakatsanis,F,1,Puisne Justice,0,1,0,523,3,7340
2022-01-12--39430,2022-01-12,Moldaver,M,0,Puisne Justice,0,2,1,853,9,7340
2022-01-12--39430,2022-01-12,Martin,F,1,Puisne Justice,0,0,0,324,1,7340
2022-01-13--39430,2022-01-13,Rowe,M,0,Puisne Justice,0,0,1,416,9,9189
2022-01-13--39430,2022-01-13,Wagner,M,0,Chief Justice,1,1,14,422,26,9189
2022-01-13--39430,2022-01-13,1,,0,,0,0,0,904,1,9189
2022-01-13--39430,2022-01-13,Kasirer,M,0,Puisne Justice,0,0,0,391,6,9189
2022-01-13--39430,2022-01-13,Karakatsanis,F,1,Puisne Justice,0,0,0,96,1,9189
2022-01-13--39430,2022-01-13,Jamal,M,0,Puisne Justice,0,0,0,353,5,9189
2022-01-13--39430,2022-01-13,Brown,M,0,Puisne Justice,0,0,1,664,9,9189
2022-01-14--39590,2022-01-14,Moldaver,M,0,Puisne Justice,0,4,1,1842,19,3831
2022-01-14--39590,2022-01-14,Brown,M,0,Puisne Justice,0,4,1,617,17,3831
2022-01-14--39590,2022-01-14,Jamal,M,0,Puisne Justice,0,0,0,34,1,3831
2022-01-18--39418,2022-01-18,Rowe,M,0,Puisne Justice,0,2,4,639,15,9499
2022-01-18--39418,2022-01-18,Wagner,M,0,Chief Justice,1,4,7,447,17,9499
2022-01-18--39418,2022-01-18,Jamal,M,0,Puisne Justice,0,5,0,574,15,9499
2022-01-18--39418,2022-01-18,Brown,M,0,Puisne Justice,0,2,2,1100,24,9499
2022-01-18--39418,2022-01-18,Kasirer,M,0,Puisne Justice,0,0,1,218,5,9499
2022-01-18--39418,2022-01-18,Karakatsanis,F,1,Puisne Justice,0,6,1,1046,24,9499
2022-01-18--39418,2022-01-18,Moldaver,M,0,Puisne Justice,0,1,0,348,4,9499
2022-01-18--39418,2022-01-18,Martin,F,1,Puisne Justice,0,0,0,88,2,9499
2022-01-19--39547,2022-01-19,Rowe,M,0,Puisne Justice,0,2,1,866,18,9886
2022-01-19--39547,2022-01-19,Wagner,M,0,Chief Justice,1,3,5,310,15,9886
2022-01-19--39547,2022-01-19,Jamal,M,0,Puisne Justice,0,0,1,837,13,9886
2022-01-19--39547,2022-01-19,Brown,M,0,Puisne Justice,0,1,0,257,8,9886
2022-01-19--39547,2022-01-19,Kasirer,M,0,Puisne Justice,0,1,0,586,7,9886
2022-01-19--39547,2022-01-19,Karakatsanis,F,1,Puisne Justice,0,2,0,188,4,9886
2022-01-19--39547,2022-01-19,Moldaver,M,0,Puisne Justice,0,0,1,1283,17,9886
2022-01-19--39547,2022-01-19,speakers,,0,,0,0,0,1,1,9886
2022-01-19--39547,2022-01-19,Côté,F,1,Puisne Justice,0,0,0,2,1,9886
2022-02-09--39710,2022-02-09,Kasirer,M,0,Puisne Justice,0,2,0,2414,10,4810
2022-02-09--39710,2022-02-09,Brown,M,0,Puisne Justice,0,0,0,29,1,4810
2022-02-10--39381,2022-02-10,Wagner,M,0,Chief Justice,1,5,4,432,16,8832
2022-02-10--39381,2022-02-10,Kasirer,M,0,Puisne Justice,0,3,1,2715,29,8832
2022-02-10--39381,2022-02-10,Brown,M,0,Puisne Justice,0,1,0,498,6,8832
2022-02-10--39381,2022-02-10,Côté,F,1,Puisne Justice,0,1,0,51,1,8832
2022-02-10--39381,2022-02-10,Rowe,M,0,Puisne Justice,0,0,0,24,1,8832
2022-02-10--39381,2022-02-10,6,,0,,0,1,0,760,1,8832
2022-02-10--39381,2022-02-10,Moldaver,M,0,Puisne Justice,0,1,1,464,6,8832
2022-02-14--39480-39481,2022-02-14,Rowe,M,0,Puisne Justice,0,3,1,464,8,12099
2022-02-14--39480-39481,2022-02-14,Wagner,M,0,Chief Justice,1,1,3,109,10,12099
2022-02-14--39480-39481,2022-02-14,Kasirer,M,0,Puisne Justice,0,1,0,1068,13,12099
2022-02-14--39480-39481,2022-02-14,Jamal,M,0,Puisne Justice,0,1,0,890,9,12099
2022-02-14--39480-39481,2022-02-14,Brown,M,0,Puisne Justice,0,10,1,1678,34,12099
2022-02-14--39480-39481,2022-02-14,Karakatsanis,F,1,Puisne Justice,0,2,0,830,12,12099
2022-02-14--39480-39481,2022-02-14,Moldaver,M,0,Puisne Justice,0,4,2,1349,15,12099
2022-02-14--39480-39481,2022-02-14,Côté,F,1,Puisne Justice,0,1,0,110,2,12099
2022-02-14--39480-39481,2022-02-14,2,,0,,0,0,0,35,1,12099
2022-02-14--39480-39481,2022-02-14,Martin,F,1,Puisne Justice,0,2,1,1536,12,12099
2022-02-16--39594,2022-02-16,Rowe,M,0,Puisne Justice,0,3,1,1034,10,9000
2022-02-16--39594,2022-02-16,Wagner,M,0,Chief Justice,1,4,5,387,21,9000
2022-02-16--39594,2022-02-16,Martin,F,1,Puisne Justice,0,3,1,793,8,9000
2022-02-16--39594,2022-02-16,Kasirer,M,0,Puisne Justice,0,1,0,622,7,9000
2022-02-16--39594,2022-02-16,Jamal,M,0,Puisne Justice,0,0,0,673,7,9000
2022-02-16--39594,2022-02-16,Côté,F,1,Puisne Justice,0,0,0,3,1,9000
2022-02-16--39594,2022-02-16,Karakatsanis,F,1,Puisne Justice,0,10,3,1213,20,9000
2022-02-16--39594,2022-02-16,Moldaver,M,0,Puisne Justice,0,2,0,748,6,9000
2022-02-16--39594,2022-02-16,Brown,M,0,Puisne Justice,0,8,6,1007,24,9000
2022-02-16--39594,2022-02-16,speakers,,0,,0,0,0,19,2,9000
2022-03-15--39701,2022-03-15,Wagner,M,0,Chief Justice,1,1,3,1157,12,2692
2022-03-15--39701,2022-03-15,Côté,F,1,Puisne Justice,0,0,0,107,1,2692
2022-03-15--39701,2022-03-15,Kasirer,M,0,Puisne Justice,0,1,0,568,6,2692
2022-03-16--39599,2022-03-16,Rowe,M,0,Puisne Justice,0,1,0,826,9,9977
2022-03-16--39599,2022-03-16,Wagner,M,0,Chief Justice,1,2,6,86,14,9977
2022-03-16--39599,2022-03-16,Moldaver,M,0,Puisne Justice,0,2,0,1851,17,9977
2022-03-16--39599,2022-03-16,Brown,M,0,Puisne Justice,0,1,0,595,9,9977
2022-03-16--39599,2022-03-16,Kasirer,M,0,Puisne Justice,0,0,0,370,7,9977
2022-03-16--39599,2022-03-16,Martin,F,1,Puisne Justice,0,1,0,463,5,9977
2022-03-16--39599,2022-03-16,Jamal,M,0,Puisne Justice,0,1,0,496,6,9977
2022-03-16--39599,2022-03-16,Karakatsanis,F,1,Puisne Justice,0,3,1,458,7,9977
2022-03-17--39661,2022-03-17,Wagner,M,0,Chief Justice,1,0,2,364,10,9272
2022-03-17--39661,2022-03-17,Kasirer,M,0,Puisne Justice,0,2,1,1048,21,9272
2022-03-17--39661,2022-03-17,Rowe,M,0,Puisne Justice,0,0,0,644,8,9272
2022-03-17--39661,2022-03-17,Jamal,M,0,Puisne Justice,0,0,0,251,3,9272
2022-03-17--39661,2022-03-17,Brown,M,0,Puisne Justice,0,3,2,613,17,9272
2022-03-17--39661,2022-03-17,Karakatsanis,F,1,Puisne Justice,0,1,1,416,6,9272
2022-03-17--39661,2022-03-17,Martin,F,1,Puisne Justice,0,0,0,282,3,9272
2022-03-17--39661,2022-03-17,Moldaver,M,0,Puisne Justice,0,0,1,112,2,9272
2022-03-18--39785,2022-03-18,Jamal,M,0,Puisne Justice,0,0,1,69,3,2580
2022-03-18--39785,2022-03-18,Karakatsanis,F,1,Puisne Justice,0,1,0,1331,14,2580
2022-03-18--39785,2022-03-18,Kasirer,M,0,Puisne Justice,0,3,3,264,11,2580
2022-03-18--39785,2022-03-18,Martin,F,1,Puisne Justice,0,0,0,396,6,2580
2022-03-18--39785,2022-03-18,Rowe,M,0,Puisne Justice,0,0,0,42,2,2580
2022-03-21--39817,2022-03-21,Wagner,M,0,Chief Justice,1,1,2,114,4,3792
2022-03-21--39817,2022-03-21,Moldaver,M,0,Puisne Justice,0,3,0,1272,14,3792
2022-03-21--39817,2022-03-21,Kasirer,M,0,Puisne Justice,0,1,1,532,7,3792
2022-03-21--39817,2022-03-21,Karakatsanis,F,1,Puisne Justice,0,1,0,153,1,3792
2022-03-21--39817,2022-03-21,Jamal,M,0,Puisne Justice,0,1,1,190,5,3792
2022-03-21--39817,2022-03-21,Rowe,M,0,Puisne Justice,0,4,0,484,11,3792
2022-03-21--39817,2022-03-21,Martin,F,1,Puisne Justice,0,2,0,332,4,3792
2022-03-21--39817,2022-03-21,2,,0,,0,0,0,162,1,3792
2022-03-21--39817,2022-03-21,speakers,,0,,0,0,0,1,1,3792
2022-03-22--39338-39438,2022-03-22,Wagner,M,0,Chief Justice,1,2,11,118,21,16327
2022-03-22--39338-39438,2022-03-22,Brown,M,0,Puisne Justice,0,4,2,1052,27,16327
2022-03-22--39338-39438,2022-03-22,Moldaver,M,0,Puisne Justice,0,3,0,2014,21,16327
2022-03-22--39338-39438,2022-03-22,Kasirer,M,0,Puisne Justice,0,1,0,822,7,16327
2022-03-22--39338-39438,2022-03-22,Rowe,M,0,Puisne Justice,0,2,1,1000,15,16327
2022-03-22--39338-39438,2022-03-22,Jamal,M,0,Puisne Justice,0,0,0,358,3,16327
2022-03-22--39338-39438,2022-03-22,Martin,F,1,Puisne Justice,0,3,0,1197,17,16327
2022-03-22--39338-39438,2022-03-22,Karakatsanis,F,1,Puisne Justice,0,1,2,506,10,16327
2022-03-22--39338-39438,2022-03-22,Côté,F,1,Puisne Justice,0,0,1,62,3,16327
2022-03-22--39338-39438,2022-03-22,speakers,,0,,0,0,0,2,1,16327
2022-03-23--39346,2022-03-23,Wagner,M,0,Chief Justice,1,4,20,467,29,14608
2022-03-23--39346,2022-03-23,Jamal,M,0,Puisne Justice,0,3,1,344,6,14608
2022-03-23--39346,2022-03-23,Kasirer,M,0,Puisne Justice,0,0,0,359,7,14608
2022-03-23--39346,2022-03-23,Martin,F,1,Puisne Justice,0,0,0,223,3,14608
2022-03-23--39346,2022-03-23,Abella,F,1,Puisne Justice,0,0,0,177,1,14608
2022-03-23--39346,2022-03-23,Brown,M,0,Puisne Justice,0,4,1,865,16,14608
2022-03-23--39346,2022-03-23,Rowe,M,0,Puisne Justice,0,1,0,794,12,14608
2022-03-23--39346,2022-03-23,Karakatsanis,F,1,Puisne Justice,0,0,0,546,9,14608
2022-03-23--39346,2022-03-23,Moldaver,M,0,Puisne Justice,0,3,0,1956,22,14608
2022-03-24--39544,2022-03-24,Wagner,M,0,Chief Justice,1,5,13,1975,53,12841
2022-03-24--39544,2022-03-24,Brown,M,0,Puisne Justice,0,2,0,698,17,12841
2022-03-24--39544,2022-03-24,Kasirer,M,0,Puisne Justice,0,2,1,827,10,12841
2022-03-24--39544,2022-03-24,Jamal,M,0,Puisne Justice,0,1,0,301,4,12841
2022-03-24--39544,2022-03-24,Moldaver,M,0,Puisne Justice,0,3,0,458,9,12841
2022-03-24--39544,2022-03-24,Martin,F,1,Puisne Justice,0,0,0,215,3,12841
2022-03-24--39544,2022-03-24,Rowe,M,0,Puisne Justice,0,0,0,19,1,12841
2022-04-12--39875,2022-04-12,Wagner,M,0,Chief Justice,1,3,5,279,14,9439
2022-04-12--39875,2022-04-12,Jamal,M,0,Puisne Justice,0,0,0,414,6,9439
2022-04-12--39875,2022-04-12,Rowe,M,0,Puisne Justice,0,4,0,712,13,9439
2022-04-12--39875,2022-04-12,Brown,M,0,Puisne Justice,0,2,1,911,17,9439
2022-04-12--39875,2022-04-12,Côté,F,1,Puisne Justice,0,0,0,326,1,9439
2022-04-12--39875,2022-04-12,Kasirer,M,0,Puisne Justice,0,0,0,1049,20,9439
2022-04-12--39875,2022-04-12,Karakatsanis,F,1,Puisne Justice,0,3,0,410,9,9439
2022-04-12--39875,2022-04-12,speakers,,0,,0,0,0,8,2,9439
2022-04-12--39875,2022-04-12,Moldaver,M,0,Puisne Justice,0,2,0,1521,18,9439
2022-04-12--39875,2022-04-12,2,,0,,0,0,0,76,1,9439
2022-04-12--39875,2022-04-12,Martin,F,1,Puisne Justice,0,0,0,101,3,9439
2022-04-19--39874,2022-04-19,Rowe,M,0,Puisne Justice,0,0,1,112,4,3915
2022-04-19--39874,2022-04-19,Moldaver,M,0,Puisne Justice,0,1,0,1507,13,3915
2022-04-19--39874,2022-04-19,Kasirer,M,0,Puisne Justice,0,0,0,233,3,3915
2022-04-19--39874,2022-04-19,Karakatsanis,F,1,Puisne Justice,0,0,2,742,9,3915
2022-04-20--39439,2022-04-20,Wagner,M,0,Chief Justice,1,1,3,63,8,8432
2022-04-20--39439,2022-04-20,Rowe,M,0,Puisne Justice,0,0,1,883,13,8432
2022-04-20--39439,2022-04-20,Brown,M,0,Puisne Justice,0,3,0,816,18,8432
2022-04-20--39439,2022-04-20,Karakatsanis,F,1,Puisne Justice,0,2,0,1129,13,8432
2022-04-20--39439,2022-04-20,Martin,F,1,Puisne Justice,0,1,0,266,5,8432
2022-04-20--39439,2022-04-20,Kasirer,M,0,Puisne Justice,0,1,1,240,6,8432
2022-04-20--39439,2022-04-20,2,,0,,0,1,0,614,1,8432
2022-04-20--39439,2022-04-20,Moldaver,M,0,Puisne Justice,0,3,1,475,7,8432
2022-04-20--39439,2022-04-20,Jamal,M,0,Puisne Justice,0,0,0,53,1,8432
2022-04-21--39654,2022-04-21,Wagner,M,0,Chief Justice,1,0,0,653,5,2761
2022-04-21--39654,2022-04-21,Kasirer,M,0,Puisne Justice,0,0,0,157,2,2761
2022-04-21--39654,2022-04-21,Jamal,M,0,Puisne Justice,0,0,0,90,1,2761
2022-04-21--39654,2022-04-21,Moldaver,M,0,Puisne Justice,0,1,0,579,8,2761
2022-04-21--39654,2022-04-21,Martin,F,1,Puisne Justice,0,0,0,76,3,2761
2022-05-16--39844,2022-05-16,Brown,M,0,Puisne Justice,0,1,0,141,5,3048
2022-05-16--39844,2022-05-16,Moldaver,M,0,Puisne Justice,0,2,1,924,12,3048
2022-05-16--39844,2022-05-16,Karakatsanis,F,1,Puisne Justice,0,0,0,368,4,3048
2022-05-17--39664-39803-39871-39676,2022-05-17,Wagner,M,0,Chief Justice,1,0,5,81,12,9068
2022-05-17--39664-39803-39871-39676,2022-05-17,Brown,M,0,Puisne Justice,0,4,1,604,16,9068
2022-05-17--39664-39803-39871-39676,2022-05-17,Moldaver,M,0,Puisne Justice,0,3,0,834,11,9068
2022-05-17--39664-39803-39871-39676,2022-05-17,Kasirer,M,0,Puisne Justice,0,2,0,638,9,9068
2022-05-17--39664-39803-39871-39676,2022-05-17,Martin,F,1,Puisne Justice,0,0,0,259,4,9068
2022-05-17--39664-39803-39871-39676,2022-05-17,Jamal,M,0,Puisne Justice,0,0,0,209,3,9068
2022-05-17--39664-39803-39871-39676,2022-05-17,Karakatsanis,F,1,Puisne Justice,0,1,0,432,7,9068
2022-05-17--39664-39803-39871-39676,2022-05-17,Côté,F,1,Puisne Justice,0,0,1,283,4,9068
2022-05-17--39664-39803-39871-39676,2022-05-17,Rowe,M,0,Puisne Justice,0,0,0,291,4,9068
2022-05-18--39629,2022-05-18,Wagner,M,0,Chief Justice,1,0,1,82,5,4132
2022-05-18--39629,2022-05-18,Martin,F,1,Puisne Justice,0,0,0,110,2,4132
2022-05-18--39629,2022-05-18,Brown,M,0,Puisne Justice,0,1,0,415,3,4132
2022-05-19--39543,2022-05-19,Wagner,M,0,Chief Justice,1,1,4,904,11,10438
2022-05-19--39543,2022-05-19,Moldaver,M,0,Puisne Justice,0,2,1,2445,11,10438
2022-05-19--39543,2022-05-19,1,,0,,0,0,0,41,1,10438
2022-05-19--39543,2022-05-19,2,,0,,0,0,0,908,2,10438
2022-05-19--39543,2022-05-19,Brown,M,0,Puisne Justice,0,9,0,1215,27,10438
2022-05-19--39543,2022-05-19,Rowe,M,0,Puisne Justice,0,1,0,1099,13,10438
2022-05-19--39543,2022-05-19,Jamal,M,0,Puisne Justice,0,0,0,167,2,10438
2022-05-19--39543,2022-05-19,Kasirer,M,0,Puisne Justice,0,0,0,375,4,10438
2022-05-19--39543,2022-05-19,Martin,F,1,Puisne Justice,0,1,1,856,14,10438
2022-05-19--39543,2022-05-19,Karakatsanis,F,1,Puisne Justice,0,3,3,719,13,10438
2022-09-14--39680,2022-09-14,Wagner,M,0,Chief Justice,1,3,2,1206,16,7780
2022-09-14--39680,2022-09-14,Brown,M,0,Puisne Justice,0,2,0,374,11,7780
2022-09-14--39680,2022-09-14,Kasirer,M,0,Puisne Justice,0,0,1,1131,17,7780
2022-09-14--39680,2022-09-14,Jamal,M,0,Puisne Justice,0,1,0,462,4,7780
2022-09-14--39680,2022-09-14,Côté,F,1,Puisne Justice,0,0,0,15,1,7780
2022-09-15--39906,2022-09-15,Wagner,M,0,Chief Justice,1,2,6,1244,23,10769
2022-09-15--39906,2022-09-15,Kasirer,M,0,Puisne Justice,0,1,2,1730,26,10769
2022-09-15--39906,2022-09-15,Brown,M,0,Puisne Justice,0,1,0,336,13,10769
2022-09-15--39906,2022-09-15,Jamal,M,0,Puisne Justice,0,0,0,349,5,10769
2022-09-15--39906,2022-09-15,Rowe,M,0,Puisne Justice,0,1,0,295,7,10769
2022-09-15--39906,2022-09-15,Martin,F,1,Puisne Justice,0,1,0,46,1,10769
2022-10-11--39796,2022-10-11,Wagner,M,0,Chief Justice,1,0,6,229,13,10650
2022-10-11--39796,2022-10-11,Rowe,M,0,Puisne Justice,0,0,1,298,9,10650
2022-10-11--39796,2022-10-11,Martin,F,1,Puisne Justice,0,3,2,799,13,10650
2022-10-11--39796,2022-10-11,Jamal,M,0,Puisne Justice,0,2,0,788,18,10650
2022-10-11--39796,2022-10-11,Karakatsanis,F,1,Puisne Justice,0,1,0,492,13,10650
2022-10-12--39754,2022-10-12,Wagner,M,0,Chief Justice,1,1,1,153,7,8626
2022-10-12--39754,2022-10-12,Brown,M,0,Puisne Justice,0,9,3,1252,33,8626
2022-10-12--39754,2022-10-12,Jamal,M,0,Puisne Justice,0,0,0,475,4,8626
2022-10-12--39754,2022-10-12,Rowe,M,0,Puisne Justice,0,3,0,1607,18,8626
2022-10-12--39754,2022-10-12,Kasirer,M,0,Puisne Justice,0,4,1,1164,14,8626
2022-10-12--39754,2022-10-12,Karakatsanis,F,1,Puisne Justice,0,3,0,832,13,8626
2022-10-12--39754,2022-10-12,Martin,F,1,Puisne Justice,0,3,0,409,11,8626
2022-11-01--39826,2022-11-01,Wagner,M,0,Chief Justice,1,3,4,587,19,7521
2022-11-01--39826,2022-11-01,Brown,M,0,Puisne Justice,0,10,1,1147,34,7521
2022-11-01--39826,2022-11-01,Kasirer,M,0,Puisne Justice,0,5,1,917,17,7521
2022-11-01--39826,2022-11-01,Martin,F,1,Puisne Justice,0,1,1,405,5,7521
2022-11-01--39826,2022-11-01,Rowe,M,0,Puisne Justice,0,0,0,706,9,7521
2022-11-01--39826,2022-11-01,Karakatsanis,F,1,Puisne Justice,0,0,0,160,3,7521
2022-11-01--39826,2022-11-01,Jamal,M,0,Puisne Justice,0,2,0,519,3,7521
2022-11-01--39826,2022-11-01,4,,0,,0,0,0,34,1,7521
2022-11-02--39869,2022-11-02,Wagner,M,0,Chief Justice,1,0,4,73,8,8749
2022-11-02--39869,2022-11-02,Rowe,M,0,Puisne Justice,0,1,0,1249,13,8749
2022-11-02--39869,2022-11-02,Kasirer,M,0,Puisne Justice,0,2,0,1473,17,8749
2022-11-02--39869,2022-11-02,Brown,M,0,Puisne Justice,0,5,0,1112,23,8749
2022-11-02--39869,2022-11-02,Jamal,M,0,Puisne Justice,0,1,0,378,3,8749
2022-11-02--39869,2022-11-02,Martin,F,1,Puisne Justice,0,1,0,303,3,8749
2022-11-02--39869,2022-11-02,speakers,,0,,0,0,0,3,1,8749
2022-11-02--39869,2022-11-02,Karakatsanis,F,1,Puisne Justice,0,0,0,217,1,8749
2022-11-03--39879,2022-11-03,Wagner,M,0,Chief Justice,1,2,0,359,9,6117
2022-11-03--39879,2022-11-03,Kasirer,M,0,Puisne Justice,0,2,2,1205,24,6117
2022-11-03--39879,2022-11-03,Karakatsanis,F,1,Puisne Justice,0,1,1,98,4,6117
